Workbook

Sheet Overview
A1: NIST CSF 2.0 — Web Application Security Assessment Checklist
A3: Application Name
A4: Assessment Date
A5: Assessed By
A6: Environment
A7: Version / Build
A8: Client / Project
A10: # | B10: Function | C10: Total Items | D10: Yes | E10: No | F10: Partial | G10: NA
A11: 1 | B11: Govern | C11: 6 | D11: =COUNTIF('Govern'!E6:E11,"Yes") | E11: =COUNTIF('Govern'!E6:E11,"No") | F11: =COUNTIF('Govern'!E6:E11,"Partial") | G11: =COUNTIF('Govern'!E6:E11,"NA")
A12: 2 | B12: Identify | C12: 7 | D12: =COUNTIF('Identify'!E6:E12,"Yes") | E12: =COUNTIF('Identify'!E6:E12,"No") | F12: =COUNTIF('Identify'!E6:E12,"Partial") | G12: =COUNTIF('Identify'!E6:E12,"NA")
A13: 3 | B13: Protect | C13: 11 | D13: =COUNTIF('Protect'!E6:E16,"Yes") | E13: =COUNTIF('Protect'!E6:E16,"No") | F13: =COUNTIF('Protect'!E6:E16,"Partial") | G13: =COUNTIF('Protect'!E6:E16,"NA")
A14: 4 | B14: Detect | C14: 10 | D14: =COUNTIF('Detect'!E6:E15,"Yes") | E14: =COUNTIF('Detect'!E6:E15,"No") | F14: =COUNTIF('Detect'!E6:E15,"Partial") | G14: =COUNTIF('Detect'!E6:E15,"NA")
A15: 5 | B15: Respond | C15: 7 | D15: =COUNTIF('Respond'!E6:E12,"Yes") | E15: =COUNTIF('Respond'!E6:E12,"No") | F15: =COUNTIF('Respond'!E6:E12,"Partial") | G15: =COUNTIF('Respond'!E6:E12,"NA")
A16: 6 | B16: Recover | C16: 6 | D16: =COUNTIF('Recover'!E6:E11,"Yes") | E16: =COUNTIF('Recover'!E6:E11,"No") | F16: =COUNTIF('Recover'!E6:E11,"Partial") | G16: =COUNTIF('Recover'!E6:E11,"NA")
B17: TOTAL | C17: =SUM(C11:C16) | D17: =SUM(D11:D16) | E17: =SUM(E11:E16) | F17: =SUM(F11:F16) | G17: =SUM(G11:G16)
A19: Status Legend
A20: Yes | B20: Control fully implemented
A21: No | B21: Control not implemented — finding raised
A22: Partial | B22: Control partially implemented
A23: NA | B23: Not applicable for this application

Sheet Govern
A1: NIST CSF 2.0 — Govern
A2: Application: (fill in Overview sheet) | Define security policies, roles, risk tolerance and compliance requirements for the application.
A3: For each item: select status from dropdown → add remarks if Partial or No
A5: # | B5: Checklist Item | C5: What to Verify | D5: Evidence / Reference | E5: Status | F5: Remarks | G5: Checked By
A6: 1 | B6: Security policy exists for this application | C6: Policy doc exists | E6: Not Started
A7: 2 | B7: Roles & responsibilities for AppSec are assigned | C7: RACI chart | E7: Not Started
A8: 3 | B8: Risk tolerance level is documented | C8: Risk register | E8: Not Started
A9: 4 | B9: Third-party / vendor security requirements defined | C9: Vendor contracts | E9: Not Started
A10: 5 | B10: Security requirements included in project charter | C10: Project charter | E10: Not Started
A11: 6 | B11: Compliance requirements identified (GDPR, PCI-DSS etc.) | C11: Compliance register | E11: Not Started
A13: Summary | B13: =CONCATENATE("Yes: ",COUNTIF(E6:E11,"Yes")) | C13: =CONCATENATE("No: ",COUNTIF(E6:E11,"No")) | D13: =CONCATENATE("Partial: ",COUNTIF(E6:E11,"Partial")) | E13: =CONCATENATE("NA: ",COUNTIF(E6:E11,"NA"))

Sheet Identify
A1: NIST CSF 2.0 — Identify
A2: Application: (fill in Overview sheet) | Know all assets, data flows, dependencies, and risks associated with the application.
A3: For each item: select status from dropdown → add remarks if Partial or No
A5: # | B5: Checklist Item | C5: What to Verify | D5: Evidence / Reference | E5: Status | F5: Remarks | G5: Checked By
A6: 1 | B6: All application components and assets inventoried | C6: Asset inventory sheet | E6: Not Started
A7: 2 | B7: All API endpoints documented (REST / SOAP / GraphQL) | C7: API documentation | E7: Not Started
A8: 3 | B8: Data classification completed (PII, sensitive data identified) | C8: Data flow diagram | E8: Not Started
A9: 4 | B9: Threat modelling completed (STRIDE / PASTA applied) | C9: Threat model doc | E9: Not Started
A10: 5 | B10: Third-party libraries and dependencies listed (SCA scope) | C10: package.json / pom.xml | E10: Not Started
A11: 6 | B11: Attack surface fully mapped and documented | C11: Attack surface doc | E11: Not Started
A12: 7 | B12: Risk assessment completed | C12: Risk assessment doc | E12: Not Started
A14: Summary | B14: =CONCATENATE("Yes: ",COUNTIF(E6:E12,"Yes")) | C14: =CONCATENATE("No: ",COUNTIF(E6:E12,"No")) | D14: =CONCATENATE("Partial: ",COUNTIF(E6:E12,"Partial")) | E14: =CONCATENATE("NA: ",COUNTIF(E6:E12,"NA"))

Sheet Protect
A1: NIST CSF 2.0 — Protect
A2: Application: (fill in Overview sheet) | Implement security controls to prevent vulnerabilities and attacks on the application.
A3: For each item: select status from dropdown → add remarks if Partial or No
A5: # | B5: Checklist Item | C5: What to Verify | D5: Evidence / Reference | E5: Status | F5: Remarks | G5: Checked By
A6: 1 | B6: Authentication implemented (MFA for privileged accounts) | C6: Login flow + MFA check | E6: Not Started
A7: 2 | B7: OAuth 2.0 / JWT properly configured and validated | C7: JWT decode + expiry test | E7: Not Started
A8: 3 | B8: Role-based access control (RBAC) enforced — BOLA tested | C8: Access control matrix | E8: Not Started
A9: 4 | B9: Input validation and output encoding implemented | C9: Code review / WAF config | E9: Not Started
A10: 5 | B10: HTTPS enforced on all endpoints (TLS 1.2+) | C10: SSL Labs test result | E10: Not Started
A11: 6 | B11: Sensitive data encrypted at rest and in transit | C11: Encryption config | E11: Not Started
A12: 7 | B12: Security headers configured (CSP, HSTS, X-Frame etc.) | C12: Browser security headers | E12: Not Started
A13: 8 | B13: File upload restrictions and validation in place | C13: Upload test result | E13: Not Started
A14: 9 | B14: Rate limiting applied on APIs and login endpoints | C14: Rate limit test | E14: Not Started
A15: 10 | B15: No secrets / credentials hardcoded in source code | C15: Code scan / secret scan | E15: Not Started
A16: 11 | B16: Secure SDLC process followed by development team | C16: SDLC process doc | E16: Not Started
A18: Summary | B18: =CONCATENATE("Yes: ",COUNTIF(E6:E16,"Yes")) | C18: =CONCATENATE("No: ",COUNTIF(E6:E16,"No")) | D18: =CONCATENATE("Partial: ",COUNTIF(E6:E16,"Partial")) | E18: =CONCATENATE("NA: ",COUNTIF(E6:E16,"NA"))

Sheet Detect
A1: NIST CSF 2.0 — Detect
A2: Application: (fill in Overview sheet) | Identify vulnerabilities and security gaps through testing, scanning and monitoring.
A3: For each item: select status from dropdown → add remarks if Partial or No
A5: # | B5: Checklist Item | C5: What to Verify | D5: Evidence / Reference | E5: Status | F5: Remarks | G5: Checked By
A6: 1 | B6: SAST scan completed on source code | C6: SAST scan report | E6: Not Started
A7: 2 | B7: DAST scan completed on running application | C7: DAST scan report | E7: Not Started
A8: 3 | B8: SCA scan done for vulnerable dependencies | C8: SCA scan report | E8: Not Started
A9: 4 | B9: API security testing completed (OWASP API Top 10) | C9: API pentest report | E9: Not Started
A10: 5 | B10: OWASP Top 10 web vulnerabilities tested | C10: OWASP checklist | E10: Not Started
A11: 6 | B11: Penetration testing completed with documented findings | C11: Pentest report | E11: Not Started
A12: 7 | B12: Security scans integrated into CI/CD pipeline | C12: CI/CD pipeline config | E12: Not Started
A13: 8 | B13: Application logging enabled (auth, errors, access events) | C13: Log sample / SIEM | E13: Not Started
A14: 9 | B14: Monitoring and alerting configured for suspicious activity | C14: Alert configuration | E14: Not Started
A15: 10 | B15: JWT / OAuth token security validated | C15: Token test evidence | E15: Not Started
A17: Summary | B17: =CONCATENATE("Yes: ",COUNTIF(E6:E15,"Yes")) | C17: =CONCATENATE("No: ",COUNTIF(E6:E15,"No")) | D17: =CONCATENATE("Partial: ",COUNTIF(E6:E15,"Partial")) | E17: =CONCATENATE("NA: ",COUNTIF(E6:E15,"NA"))

Sheet Respond
A1: NIST CSF 2.0 — Respond
A2: Application: (fill in Overview sheet) | Act on identified vulnerabilities — report, prioritise, guide remediation and communicate.
A3: For each item: select status from dropdown → add remarks if Partial or No
A5: # | B5: Checklist Item | C5: What to Verify | D5: Evidence / Reference | E5: Status | F5: Remarks | G5: Checked By
A6: 1 | B6: Vulnerability report created with CVSS severity ratings | C6: Vulnerability report | E6: Not Started
A7: 2 | B7: Findings shared and walked through with dev team | C7: Meeting notes / email | E7: Not Started
A8: 3 | B8: Remediation plan created with fix timelines | C8: Remediation tracker | E8: Not Started
A9: 4 | B9: Critical and high findings escalated and tracked | C9: Jira / ticket tracker | E9: Not Started
A10: 5 | B10: Developer fix guidance provided for each finding | C10: Fix guidance doc | E10: Not Started
A11: 6 | B11: Incident response plan documented for this application | C11: IR plan document | E11: Not Started
A12: 7 | B12: Stakeholders notified of critical risk items | C12: Stakeholder email | E12: Not Started
A14: Summary | B14: =CONCATENATE("Yes: ",COUNTIF(E6:E12,"Yes")) | C14: =CONCATENATE("No: ",COUNTIF(E6:E12,"No")) | D14: =CONCATENATE("Partial: ",COUNTIF(E6:E12,"Partial")) | E14: =CONCATENATE("NA: ",COUNTIF(E6:E12,"NA"))

Sheet Recover
A1: NIST CSF 2.0 — Recover
A2: Application: (fill in Overview sheet) | Verify all fixes, close the assessment, and feed learnings back into the development process.
A3: For each item: select status from dropdown → add remarks if Partial or No
A5: # | B5: Checklist Item | C5: What to Verify | D5: Evidence / Reference | E5: Status | F5: Remarks | G5: Checked By
A6: 1 | B6: Re-testing completed after developer fixes applied | C6: Re-test evidence | E6: Not Started
A7: 2 | B7: All critical and high findings verified as resolved | C7: Closed finding report | E7: Not Started
A8: 3 | B8: Final sign-off report created (open vs closed findings) | C8: Sign-off email | E8: Not Started
A9: 4 | B9: Lessons learned documented for this assessment | C9: Lessons learned doc | E9: Not Started
A10: 5 | B10: Recurring findings fed back into SDLC / coding standards | C10: Updated coding guide | E10: Not Started
A11: 6 | B11: Knowledge transfer session done with dev and QA team | C11: KT session recording | E11: Not Started
A13: Summary | B13: =CONCATENATE("Yes: ",COUNTIF(E6:E11,"Yes")) | C13: =CONCATENATE("No: ",COUNTIF(E6:E11,"No")) | D13: =CONCATENATE("Partial: ",COUNTIF(E6:E11,"Partial")) | E13: =CONCATENATE("NA: ",COUNTIF(E6:E11,"NA"))
